event_id,store_id,date,event_name,event_type
1,10,2023-06-10,เทศกาลเบียร์คราฟท์,food_festival
2,7,2023-07-01,งานบวช,cultural
3,11,2024-10-30,ถนนคนเดิน,market
4,17,2024-01-14,เวียนเทียน,cultural
5,14,2024-12-19,คอนเสิร์ตในสวน,concert
6,4,2023-01-11,แข่งจักรยาน,sports
7,5,2024-02-03,ตลาดนัดวันหยุด,market
8,6,2024-03-27,งาน Book Fair,book_fair
9,6,2024-11-01,งาน Job Fair,convention
10,9,2024-12-26,สัปดาห์หนังสือ,book_fair
11,19,2024-07-07,คอนเสิร์ตนักศึกษา,concert
12,16,2023-02-22,งานบวช,cultural
13,16,2024-10-15,มิวสิคเฟสติวัล,music_festival
14,18,2024-01-19,แข่งจักรยาน,sports
15,20,2024-10-22,ตลาดนัดวันหยุด,market
16,13,2023-02-01,เทศกาลของหวาน,food_festival
17,15,2024-05-23,งานดนตรีกลางแจ้ง,music_festival
18,13,2024-11-06,แข่งจักรยาน,sports
19,3,2023-09-16,งาน Startup Expo,convention
20,15,2024-02-02,เทศกาลผลไม้,food_festival
21,2,2023-01-21,งานโยคะในสวน,sports
22,16,2023-07-09,คอนเสิร์ตนักศึกษา,concert
23,13,2024-12-02,งาน Auto Expo,convention
24,10,2023-05-14,เทศกาลสงกรานต์ท้องถิ่น,cultural
25,10,2023-12-19,ตลาดสดเช้า,market
26,10,2023-09-03,เวียนเทียน,cultural
27,20,2024-10-31,นิทรรศการหนังสือ,book_fair
28,1,2024-01-01,เทศกาลผลไม้,food_festival
29,2,2023-12-02,มหกรรมหนังสือ,book_fair
30,9,2024-06-01,แข่งจักรยาน,sports
31,6,2024-06-29,งานบวช,cultural
32,1,2023-11-06,ถนนคนเดิน,market
33,19,2023-06-23,งาน Busking,concert
34,10,2024-11-21,งาน Busking,concert
35,13,2023-08-18,นิทรรศการศิลปะ,convention
36,11,2023-07-29,เทศกาลดนตรี,music_festival
37,15,2024-10-05,เทศกาลสงกรานต์ท้องถิ่น,cultural
38,8,2023-10-22,เทศกาลอาหาร,food_festival
39,1,2023-09-24,ฟุตบอลนัดพิเศษ,sports
40,3,2024-07-05,ตลาดสดเช้า,market
41,9,2024-01-27,คอนเสิร์ตนักศึกษา,concert
42,3,2024-07-22,สัปดาห์หนังสือ,book_fair
43,14,2023-07-03,ฟุตบอลนัดพิเศษ,sports
44,16,2023-02-07,มิวสิคเฟสติวัล,music_festival
45,12,2023-03-12,เทศกาลของหวาน,food_festival
46,19,2023-10-10,มหกรรมหนังสือ,book_fair
47,9,2023-03-04,ตลาดนัดวันหยุด,market
48,11,2024-08-28,เทศกาลผลไม้,food_festival
49,12,2023-05-14,เทศกาลเบียร์คราฟท์,food_festival
50,7,2023-09-14,เทศกาลเบียร์คราฟท์,food_festival
51,3,2023-05-18,เทศกาลผลไม้,food_festival
52,11,2023-02-20,งาน Book Fair,book_fair
53,1,2024-09-15,สัมมนาธุรกิจ,convention
54,4,2024-05-12,ตลาดนัดวันหยุด,market
55,17,2024-01-16,งานดนตรีกลางแจ้ง,music_festival
56,4,2023-03-13,งานวันเด็ก,cultural
57,9,2023-12-12,มิวสิคเฟสติวัล,music_festival
58,14,2024-01-06,แข่งวิ่ง Fun Run,sports
59,4,2023-03-09,งานบวช,cultural
60,2,2023-09-15,แข่งจักรยาน,sports
61,8,2023-01-19,เทศกาลของหวาน,food_festival
62,16,2023-05-02,เทศกาลของหวาน,food_festival
63,9,2024-10-28,งานวัดประจำปี,cultural
64,15,2023-03-25,งาน Job Fair,convention
65,14,2024-11-09,ตลาดสดเช้า,market
66,19,2024-03-20,คอนเสิร์ตนักศึกษา,concert
67,17,2024-09-27,ตลาดนัดวันหยุด,market
68,3,2024-11-21,คอนเสิร์ตการกุศล,concert
69,10,2023-04-29,ถนนคนเดิน,market
70,7,2024-12-01,คอนเสิร์ตนักศึกษา,concert
71,18,2024-03-25,งาน Book Fair,book_fair
72,20,2023-08-28,ตลาดนัดกลางคืน,market
73,8,2023-07-02,คอนเสิร์ตนักศึกษา,concert
74,5,2023-11-30,มิวสิคเฟสติวัล,music_festival
75,12,2023-05-27,งาน Street Food,food_festival
76,4,2024-06-23,เทศกาลดนตรี,music_festival
77,11,2023-05-08,มิวสิคเฟสติวัล,music_festival
78,8,2023-09-01,นิทรรศการหนังสือ,book_fair
79,3,2024-07-16,เทศกาลผลไม้,food_festival
80,19,2023-10-21,งานหนังสือเก่า,book_fair
81,16,2023-02-07,แข่งวิ่ง Fun Run,sports
82,20,2023-01-16,แข่งจักรยาน,sports
83,13,2024-09-26,สัปดาห์หนังสือ,book_fair
84,12,2024-12-22,คอนเสิร์ตการกุศล,concert
85,9,2024-03-14,เทศกาลแจ๊ส,music_festival
86,6,2024-11-28,กีฬาสี,sports
87,14,2023-01-28,เทศกาลอาหาร,food_festival
88,10,2023-08-05,ตลาดสดเช้า,market
89,9,2023-09-26,เทศกาลดนตรี,music_festival
90,11,2024-10-16,ตลาดนัดวินเทจ,market
91,13,2024-08-30,คอนเสิร์ตในสวน,concert
92,18,2024-12-15,งาน Auto Expo,convention
93,20,2024-10-25,งาน Street Food,food_festival
94,9,2023-05-06,งานวัดประจำปี,cultural
95,18,2024-04-14,ตลาดนัดกลางคืน,market
96,15,2023-09-20,ตลาดสดเช้า,market
97,7,2024-10-23,งานวันเด็ก,cultural
98,2,2023-11-18,เทศกาลแจ๊ส,music_festival
99,12,2024-11-13,นิทรรศการหนังสือ,book_fair
100,7,2024-09-26,งาน Book Fair,book_fair
101,11,2024-08-14,สัปดาห์หนังสือ,book_fair
102,10,2024-04-20,สัปดาห์หนังสือ,book_fair
103,15,2024-05-10,แข่งจักรยาน,sports
104,11,2024-09-18,งาน Job Fair,convention
105,4,2024-01-11,กีฬาสี,sports
106,17,2024-04-14,เทศกาลของหวาน,food_festival
107,14,2023-11-11,เทศกาลอินดี้,music_festival
108,13,2024-12-14,มหกรรมหนังสือ,book_fair
109,18,2023-03-01,ถนนคนเดิน,market
110,16,2024-01-04,ตลาดนัดวันหยุด,market
111,14,2024-01-11,ตลาดนัดกลางคืน,market
112,8,2024-10-24,เทศกาลสงกรานต์ท้องถิ่น,cultural
113,13,2023-08-09,งาน Book Fair,book_fair
114,14,2024-12-05,ตลาดนัดวินเทจ,market
115,3,2023-07-14,ตลาดนัดวินเทจ,market
116,18,2024-06-06,เทศกาลผลไม้,food_festival
117,11,2023-05-16,คอนเสิร์ตในสวน,concert
118,4,2024-03-16,เวียนเทียน,cultural
119,10,2023-01-07,เทศกาลอินดี้,music_festival
120,1,2023-05-30,สวดมนต์ข้ามปี,cultural
121,2,2023-05-21,ตลาดนัดวันหยุด,market
122,2,2024-06-02,สัปดาห์หนังสือ,book_fair
123,19,2023-10-01,วิ่งมาราธอน,sports
124,2,2023-08-20,งานวัดประจำปี,cultural
125,12,2023-06-21,ฟุตบอลนัดพิเศษ,sports
126,9,2023-08-22,งานดนตรีสด,concert
127,11,2024-08-02,งาน Job Fair,convention
128,10,2023-01-20,คอนเสิร์ตการกุศล,concert
129,15,2024-04-26,คอนเสิร์ตในสวน,concert
130,2,2024-10-03,งาน Street Food,food_festival
131,14,2023-09-17,แข่งวิ่ง Fun Run,sports
132,1,2023-04-23,งาน Tech Conference,convention
133,5,2023-12-20,งาน Busking,concert
134,11,2023-01-06,เวียนเทียน,cultural
135,19,2024-01-12,งาน Tech Conference,convention
136,8,2023-06-02,เทศกาลสงกรานต์ท้องถิ่น,cultural
137,12,2023-01-24,สวดมนต์ข้ามปี,cultural
138,17,2024-05-06,งานวัดประจำปี,cultural
139,5,2023-02-02,งาน Startup Expo,convention
140,14,2024-10-06,ตลาดนัดกลางคืน,market
141,9,2024-03-24,ถนนคนเดิน,market
142,3,2024-03-26,ตลาดนัดกลางคืน,market
143,1,2024-02-04,งานหนังสือเก่า,book_fair
144,11,2023-01-31,งานโยคะในสวน,sports
145,15,2024-12-01,สัมมนาธุรกิจ,convention
146,17,2024-01-01,เทศกาลลอยกระทง,cultural
147,18,2024-04-11,คอนเสิร์ตในสวน,concert
148,19,2024-02-01,งานโยคะในสวน,sports
149,10,2023-10-09,นิทรรศการหนังสือ,book_fair
150,1,2024-02-20,ตลาดสดเช้า,market
151,13,2023-03-28,สัมมนาธุรกิจ,convention
152,17,2024-11-20,งานวัดประจำปี,cultural
153,20,2024-03-26,เทศกาลเบียร์คราฟท์,food_festival
154,12,2023-08-22,งานวัดประจำปี,cultural
155,10,2023-09-04,ตลาดนัดวันหยุด,market
156,3,2024-09-02,กีฬาสี,sports
157,16,2024-09-24,กีฬาสี,sports
158,15,2024-09-13,สวดมนต์ข้ามปี,cultural
159,4,2023-11-01,เทศกาลอาหาร,food_festival
160,14,2023-06-20,แข่งวิ่ง Fun Run,sports
161,19,2023-07-31,งาน Startup Expo,convention
162,5,2023-08-04,งานโยคะในสวน,sports
163,8,2023-12-12,งานหนังสือเก่า,book_fair
164,12,2024-08-16,เทศกาลเบียร์คราฟท์,food_festival
165,18,2023-08-28,เทศกาลอาหาร,food_festival
166,2,2024-08-28,เทศกาลกาแฟ,food_festival
167,20,2023-11-11,สวดมนต์ข้ามปี,cultural
168,13,2023-03-14,ตลาดสดเช้า,market
169,8,2023-12-19,ตลาดนัดวินเทจ,market
170,19,2023-07-04,งานบวช,cultural
171,13,2023-01-06,ตลาดนัดชุมชน,market
172,13,2024-07-06,งานวันเด็ก,cultural
173,15,2023-08-18,เทศกาลอาหาร,food_festival
174,15,2023-10-22,งานวันเด็ก,cultural
175,16,2023-01-18,นิทรรศการศิลปะ,convention
176,11,2023-01-19,งานหนังสือเก่า,book_fair
177,13,2023-07-10,สัปดาห์หนังสือ,book_fair
178,5,2023-04-20,งานดนตรีสด,concert
179,15,2024-01-01,สัปดาห์หนังสือ,book_fair
180,15,2023-10-25,เทศกาลอาหาร,food_festival
181,20,2023-01-17,งานโยคะในสวน,sports
182,2,2024-06-02,เทศกาลผลไม้,food_festival
183,17,2023-12-05,งาน Startup Expo,convention
184,15,2023-03-24,งานวันเด็ก,cultural
185,19,2024-10-17,เทศกาลผลไม้,food_festival
186,15,2023-10-04,ตลาดสดเช้า,market
187,1,2024-05-15,แข่งวิ่ง Fun Run,sports
188,2,2024-01-12,งานวัดประจำปี,cultural
189,1,2023-04-14,เวียนเทียน,cultural
190,7,2024-08-14,เทศกาลดนตรี,music_festival
191,5,2024-07-02,ถนนคนเดิน,market
192,7,2024-03-14,เทศกาลดนตรี,music_festival
193,17,2023-12-09,สัมมนาธุรกิจ,convention
194,10,2024-08-03,ตลาดนัดกลางคืน,market
195,13,2024-09-05,คอนเสิร์ตนักศึกษา,concert
196,5,2023-03-01,เทศกาลลอยกระทง,cultural
197,3,2024-06-18,มิวสิคเฟสติวัล,music_festival
198,8,2024-06-11,เทศกาลแจ๊ส,music_festival
199,6,2024-06-21,ฟุตบอลนัดพิเศษ,sports
200,2,2024-07-27,เทศกาลอาหาร,food_festival
201,12,2023-03-21,เทศกาลสงกรานต์ท้องถิ่น,cultural
202,9,2023-09-13,วิ่งมาราธอน,sports
203,5,2024-03-27,เทศกาลของหวาน,food_festival
204,16,2023-02-14,งานดนตรีกลางแจ้ง,music_festival
205,10,2024-06-17,เทศกาลผลไม้,food_festival
206,7,2023-08-14,วิ่งมาราธอน,sports
207,16,2024-08-03,ตลาดสดเช้า,market
208,18,2023-09-29,งานวัดประจำปี,cultural
209,17,2024-12-26,งานบวช,cultural
210,6,2023-03-08,ตลาดสดเช้า,market
211,1,2024-06-25,สัปดาห์หนังสือ,book_fair
212,2,2023-01-28,งาน Job Fair,convention
213,5,2023-12-14,นิทรรศการหนังสือ,book_fair
214,6,2024-07-13,แข่งจักรยาน,sports
215,19,2023-05-07,คอนเสิร์ตนักศึกษา,concert
216,1,2024-03-23,วิ่งมาราธอน,sports
217,15,2023-12-20,งานโยคะในสวน,sports
218,16,2023-07-29,เทศกาลแจ๊ส,music_festival
219,20,2024-09-16,เวียนเทียน,cultural
220,8,2024-03-27,แข่งจักรยาน,sports
221,12,2023-11-11,งาน Tech Conference,convention
222,13,2023-11-20,เทศกาลของหวาน,food_festival
223,8,2024-04-08,เวียนเทียน,cultural
224,20,2023-05-12,เวียนเทียน,cultural
225,11,2024-12-02,ตลาดสดเช้า,market
226,12,2023-04-17,คอนเสิร์ตนักศึกษา,concert
227,19,2024-07-13,ตลาดสดเช้า,market
228,16,2024-08-05,เทศกาลลอยกระทง,cultural
229,14,2023-04-04,งาน Startup Expo,convention
230,1,2024-11-18,เทศกาลแจ๊ส,music_festival
231,4,2024-06-08,เทศกาลเบียร์คราฟท์,food_festival
232,1,2023-05-30,เทศกาลกาแฟ,food_festival
233,19,2023-11-11,ตลาดนัดวินเทจ,market
234,19,2024-10-02,เทศกาลเบียร์คราฟท์,food_festival
235,6,2023-04-21,งานวัดประจำปี,cultural
236,6,2023-01-22,งานดนตรีกลางแจ้ง,music_festival
237,14,2024-02-24,เทศกาลแจ๊ส,music_festival
238,9,2024-06-22,มหกรรมหนังสือ,book_fair
239,17,2024-03-20,ถนนคนเดิน,market
240,6,2024-10-14,เทศกาลเบียร์คราฟท์,food_festival
241,9,2023-05-12,เทศกาลอาหาร,food_festival
242,14,2023-04-29,เทศกาลของหวาน,food_festival
243,4,2024-05-23,ถนนคนเดิน,market
244,3,2024-03-14,งาน Busking,concert
245,8,2023-08-05,เทศกาลของหวาน,food_festival
246,12,2024-07-02,งาน Tech Conference,convention
247,16,2024-01-01,งาน Auto Expo,convention
248,2,2024-12-08,ตลาดสดเช้า,market
249,17,2023-03-23,ตลาดสดเช้า,market
250,6,2024-04-02,ตลาดสดเช้า,market
251,18,2024-07-06,คอนเสิร์ตนักศึกษา,concert
252,1,2023-06-20,เทศกาลสงกรานต์ท้องถิ่น,cultural
253,18,2024-04-08,แข่งวิ่ง Fun Run,sports
254,10,2023-12-20,งานโยคะในสวน,sports
255,17,2024-04-14,มิวสิคเฟสติวัล,music_festival
256,13,2023-06-06,งาน Startup Expo,convention
257,13,2023-04-24,งานบวช,cultural
258,18,2023-02-28,ถนนคนเดิน,market
259,8,2023-09-09,งานบวช,cultural
260,1,2023-05-04,งานโยคะในสวน,sports
261,19,2023-11-04,งาน Job Fair,convention
262,7,2023-06-28,ตลาดนัดวันหยุด,market
263,3,2023-11-27,งาน Busking,concert
264,12,2023-09-25,เทศกาลอาหาร,food_festival
265,4,2024-05-05,ตลาดนัดกลางคืน,market
266,17,2023-03-19,งานวัดประจำปี,cultural
267,5,2024-08-17,สัปดาห์หนังสือ,book_fair
268,1,2023-09-26,มิวสิคเฟสติวัล,music_festival
269,5,2024-07-19,ตลาดนัดกลางคืน,market
270,3,2024-05-12,งาน Startup Expo,convention
271,3,2024-10-03,ถนนคนเดิน,market
272,18,2023-11-11,ตลาดนัดวินเทจ,market
273,1,2023-09-29,ตลาดสดเช้า,market
274,13,2023-02-20,นิทรรศการศิลปะ,convention
275,17,2024-07-31,ตลาดนัดชุมชน,market
276,8,2023-08-11,งาน Auto Expo,convention
277,6,2024-12-07,เทศกาลกาแฟ,food_festival
278,1,2024-11-19,นิทรรศการหนังสือ,book_fair
279,5,2024-02-20,แข่งวิ่ง Fun Run,sports
280,9,2024-08-19,เทศกาลอาหาร,food_festival
281,14,2023-09-01,งานดนตรีสด,concert
282,12,2024-02-18,เทศกาลผลไม้,food_festival
283,11,2024-04-02,งาน Tech Conference,convention
284,12,2023-02-07,ถนนคนเดิน,market
285,10,2023-03-10,ตลาดนัดชุมชน,market
286,9,2023-04-11,งาน Job Fair,convention
287,20,2023-02-06,งาน Book Fair,book_fair
288,12,2023-11-20,เทศกาลอินดี้,music_festival
289,1,2023-04-05,เทศกาลลอยกระทง,cultural
290,7,2023-08-26,แข่งจักรยาน,sports
291,14,2024-08-06,เทศกาลเบียร์คราฟท์,food_festival
292,14,2023-09-05,งานวัดประจำปี,cultural
293,8,2024-05-21,เทศกาลลอยกระทง,cultural
294,18,2024-11-14,สวดมนต์ข้ามปี,cultural
295,11,2023-05-27,เทศกาลอินดี้,music_festival
296,16,2024-10-11,นิทรรศการหนังสือ,book_fair
297,8,2023-03-19,งานหนังสือเก่า,book_fair
298,9,2023-11-11,เทศกาลสงกรานต์ท้องถิ่น,cultural
299,18,2024-04-11,แข่งวิ่ง Fun Run,sports
300,17,2024-06-04,มหกรรมหนังสือ,book_fair
301,9,2024-11-08,คอนเสิร์ตในสวน,concert
302,10,2023-08-04,ตลาดนัดกลางคืน,market
303,1,2024-10-14,เทศกาลผลไม้,food_festival
304,7,2023-01-29,งาน Street Food,food_festival
305,18,2023-05-22,งาน Street Food,food_festival
306,4,2023-06-19,งาน Tech Conference,convention
307,13,2023-10-20,งานวันเด็ก,cultural
308,1,2023-11-27,มิวสิคเฟสติวัล,music_festival
309,15,2023-01-13,งานวันเด็ก,cultural
310,16,2024-12-28,เทศกาลดนตรี,music_festival
311,17,2023-11-29,ตลาดนัดกลางคืน,market
312,12,2024-05-07,ตลาดนัดวินเทจ,market
313,8,2023-02-06,ตลาดนัดกลางคืน,market
314,3,2023-06-02,เทศกาลเบียร์คราฟท์,food_festival
315,7,2023-02-27,คอนเสิร์ตการกุศล,concert
316,5,2023-01-03,เทศกาลลอยกระทง,cultural
317,2,2023-09-05,งานวันเด็ก,cultural
318,11,2024-10-22,เทศกาลกาแฟ,food_festival
319,16,2023-04-09,เทศกาลสงกรานต์ท้องถิ่น,cultural
320,18,2023-01-18,เทศกาลของหวาน,food_festival
321,10,2024-07-18,มหกรรมหนังสือ,book_fair
322,2,2023-08-30,ตลาดสดเช้า,market
323,16,2024-01-13,ตลาดนัดวินเทจ,market
324,11,2024-06-19,เทศกาลกาแฟ,food_festival
325,7,2023-09-17,คอนเสิร์ตในสวน,concert
326,6,2023-04-07,งานวันเด็ก,cultural
327,6,2023-11-17,กีฬาสี,sports
328,17,2024-05-28,ถนนคนเดิน,market
329,7,2024-07-11,งาน Street Food,food_festival
330,5,2024-02-28,ตลาดนัดวันหยุด,market
331,1,2023-12-19,ตลาดนัดวันหยุด,market
332,3,2023-06-11,ตลาดสดเช้า,market
333,11,2023-08-21,งาน Tech Conference,convention
334,12,2024-07-16,สัปดาห์หนังสือ,book_fair
335,12,2023-03-07,เทศกาลอาหาร,food_festival
336,7,2023-07-04,เทศกาลกาแฟ,food_festival
337,19,2023-11-14,สวดมนต์ข้ามปี,cultural
338,10,2023-06-02,งานดนตรีกลางแจ้ง,music_festival
339,3,2023-10-22,ตลาดนัดกลางคืน,market
340,18,2024-11-09,นิทรรศการศิลปะ,convention
341,19,2024-09-04,นิทรรศการหนังสือ,book_fair
342,5,2024-11-01,มิวสิคเฟสติวัล,music_festival
343,18,2023-05-21,เทศกาลเบียร์คราฟท์,food_festival
344,11,2024-03-28,งานวันเด็ก,cultural
345,19,2023-12-30,ตลาดนัดวันหยุด,market
346,15,2023-07-19,มหกรรมหนังสือ,book_fair
347,2,2024-09-30,กีฬาสี,sports
348,10,2024-10-28,สัปดาห์หนังสือ,book_fair
349,11,2023-03-04,งานหนังสือเก่า,book_fair
350,6,2023-06-28,เทศกาลเบียร์คราฟท์,food_festival
351,19,2023-02-04,สวดมนต์ข้ามปี,cultural
352,9,2023-11-20,งาน Street Food,food_festival
353,19,2023-01-03,งานบวช,cultural
354,13,2024-08-31,ถนนคนเดิน,market
355,6,2024-06-02,งานบวช,cultural
356,5,2024-08-09,แข่งจักรยาน,sports
357,13,2024-10-11,งาน Job Fair,convention
358,8,2024-03-05,งานบวช,cultural
359,11,2023-04-14,เทศกาลผลไม้,food_festival
360,4,2023-05-09,งานดนตรีสด,concert
361,19,2023-12-28,สวดมนต์ข้ามปี,cultural
362,3,2024-06-15,นิทรรศการศิลปะ,convention
363,11,2024-04-03,กีฬาสี,sports
364,20,2023-03-09,คอนเสิร์ตในสวน,concert
365,1,2024-07-13,งาน Startup Expo,convention
366,17,2024-12-22,กีฬาสี,sports
367,16,2023-02-19,งานดนตรีกลางแจ้ง,music_festival
368,13,2023-01-20,ถนนคนเดิน,market
369,9,2024-02-17,เทศกาลกาแฟ,food_festival
370,7,2023-02-15,แข่งจักรยาน,sports
371,1,2023-03-14,งานโยคะในสวน,sports
372,19,2024-03-03,งาน Busking,concert
373,6,2024-05-05,เทศกาลอาหาร,food_festival
374,6,2024-10-22,งานวัดประจำปี,cultural
375,7,2023-11-11,แข่งจักรยาน,sports
376,18,2023-06-29,สวดมนต์ข้ามปี,cultural
377,1,2024-09-11,ตลาดนัดวันหยุด,market
378,6,2024-09-16,สัมมนาธุรกิจ,convention
379,5,2023-03-28,ตลาดนัดชุมชน,market
380,15,2023-03-20,เทศกาลลอยกระทง,cultural
381,14,2023-12-04,งาน Job Fair,convention
382,14,2023-12-25,งานหนังสือเก่า,book_fair
383,2,2023-07-17,เทศกาลเบียร์คราฟท์,food_festival
384,9,2023-08-13,เทศกาลอินดี้,music_festival
385,18,2023-02-27,ตลาดนัดวินเทจ,market
386,9,2023-05-05,งานดนตรีสด,concert
387,16,2023-08-02,เวียนเทียน,cultural
388,4,2024-09-30,ตลาดนัดกลางคืน,market
389,3,2024-09-05,งานวัดประจำปี,cultural
390,6,2024-02-12,สวดมนต์ข้ามปี,cultural
391,15,2023-07-03,ถนนคนเดิน,market
392,12,2023-03-22,งานวันเด็ก,cultural
393,10,2024-10-08,งานโยคะในสวน,sports
394,4,2024-03-30,เทศกาลของหวาน,food_festival
395,2,2023-08-03,เวียนเทียน,cultural
396,18,2023-11-28,งาน Tech Conference,convention
397,15,2024-08-22,มหกรรมหนังสือ,book_fair
398,5,2023-11-27,งาน Auto Expo,convention
399,10,2024-07-05,งานวันเด็ก,cultural
400,3,2024-03-31,กีฬาสี,sports
401,19,2023-02-20,ตลาดนัดวันหยุด,market
402,7,2023-10-31,คอนเสิร์ตการกุศล,concert
403,2,2024-04-17,งานหนังสือเก่า,book_fair
404,9,2024-04-26,ถนนคนเดิน,market
405,5,2024-07-01,ถนนคนเดิน,market
406,17,2023-01-08,งานวัดประจำปี,cultural
407,13,2023-09-26,เทศกาลกาแฟ,food_festival
408,7,2024-05-04,งาน Tech Conference,convention
409,14,2023-12-30,ถนนคนเดิน,market
410,3,2023-11-06,ฟุตบอลนัดพิเศษ,sports
411,16,2024-08-13,มหกรรมหนังสือ,book_fair
412,4,2023-11-16,เทศกาลอาหาร,food_festival
413,15,2023-05-07,เทศกาลลอยกระทง,cultural
414,1,2023-10-04,เทศกาลเบียร์คราฟท์,food_festival
415,17,2023-04-10,เทศกาลเบียร์คราฟท์,food_festival
416,12,2023-10-26,เทศกาลของหวาน,food_festival
417,9,2023-10-24,งาน Book Fair,book_fair
418,7,2023-03-31,คอนเสิร์ตการกุศล,concert
419,2,2023-01-13,เทศกาลแจ๊ส,music_festival
420,20,2023-12-27,เทศกาลอินดี้,music_festival
421,7,2024-09-04,งาน Job Fair,convention
422,3,2023-12-23,เทศกาลลอยกระทง,cultural
423,3,2023-06-06,เทศกาลกาแฟ,food_festival
424,10,2024-08-17,แข่งวิ่ง Fun Run,sports
425,8,2024-03-10,เทศกาลเบียร์คราฟท์,food_festival
426,2,2024-09-17,ตลาดนัดวันหยุด,market
427,6,2024-08-03,ตลาดสดเช้า,market
428,20,2023-12-19,ถนนคนเดิน,market
429,11,2024-07-01,งานวันเด็ก,cultural
430,10,2023-08-22,ถนนคนเดิน,market
431,19,2023-06-02,งาน Street Food,food_festival
432,19,2024-08-18,แข่งวิ่ง Fun Run,sports
433,9,2023-10-14,งาน Auto Expo,convention
434,8,2024-06-21,เทศกาลลอยกระทง,cultural
435,8,2023-03-31,งานโยคะในสวน,sports
436,8,2024-11-10,กีฬาสี,sports
437,5,2023-12-03,งานบวช,cultural
438,11,2024-07-15,นิทรรศการหนังสือ,book_fair
439,20,2023-09-04,เวียนเทียน,cultural
440,3,2023-01-28,ตลาดนัดวันหยุด,market
441,6,2023-03-17,เทศกาลอินดี้,music_festival
442,8,2023-10-08,ตลาดนัดวินเทจ,market
443,2,2024-01-20,ตลาดสดเช้า,market
444,9,2024-10-19,เทศกาลลอยกระทง,cultural
445,13,2024-09-28,เทศกาลลอยกระทง,cultural
446,12,2023-12-23,เทศกาลอินดี้,music_festival
447,7,2024-11-06,เทศกาลกาแฟ,food_festival
448,7,2023-10-21,นิทรรศการหนังสือ,book_fair
449,13,2024-11-19,งาน Startup Expo,convention
450,9,2024-06-12,งานดนตรีกลางแจ้ง,music_festival
451,2,2024-02-17,นิทรรศการศิลปะ,convention
452,6,2023-04-01,งาน Job Fair,convention
453,12,2023-02-17,สัปดาห์หนังสือ,book_fair
454,13,2023-12-26,ตลาดนัดชุมชน,market
455,18,2023-03-23,สวดมนต์ข้ามปี,cultural
456,6,2023-07-25,งาน Startup Expo,convention
457,14,2024-12-02,นิทรรศการหนังสือ,book_fair
458,15,2024-04-15,งาน Book Fair,book_fair
459,2,2023-04-05,เทศกาลเบียร์คราฟท์,food_festival
460,17,2023-07-20,งานดนตรีกลางแจ้ง,music_festival
461,6,2024-05-26,เทศกาลดนตรี,music_festival
462,15,2023-02-22,งาน Busking,concert
463,11,2024-04-17,คอนเสิร์ตในสวน,concert
464,5,2023-05-11,งาน Tech Conference,convention
465,19,2024-04-22,เทศกาลเบียร์คราฟท์,food_festival
466,16,2024-03-03,ถนนคนเดิน,market
467,9,2023-12-15,งาน Startup Expo,convention
468,8,2024-11-26,นิทรรศการหนังสือ,book_fair
469,13,2023-09-04,งาน Busking,concert
470,1,2023-11-30,สวดมนต์ข้ามปี,cultural
471,13,2024-04-23,ถนนคนเดิน,market
472,19,2024-01-29,งานโยคะในสวน,sports
473,2,2023-11-18,สวดมนต์ข้ามปี,cultural
474,1,2024-06-19,ตลาดสดเช้า,market
475,2,2024-04-01,มิวสิคเฟสติวัล,music_festival
476,8,2023-01-21,ถนนคนเดิน,market
477,7,2024-11-18,เทศกาลดนตรี,music_festival
478,1,2024-09-27,เทศกาลสงกรานต์ท้องถิ่น,cultural
479,17,2023-12-25,ตลาดนัดวันหยุด,market
480,13,2024-02-27,งาน Book Fair,book_fair
481,14,2023-04-09,นิทรรศการศิลปะ,convention
482,4,2024-12-23,มหกรรมหนังสือ,book_fair
483,2,2024-05-23,เทศกาลกาแฟ,food_festival
484,16,2023-06-13,นิทรรศการศิลปะ,convention
485,13,2024-02-18,เวียนเทียน,cultural
486,6,2023-07-11,เทศกาลลอยกระทง,cultural
487,7,2024-06-30,เทศกาลอินดี้,music_festival
488,5,2024-01-07,เทศกาลลอยกระทง,cultural
489,6,2024-12-11,เทศกาลของหวาน,food_festival
490,16,2023-11-03,คอนเสิร์ตในสวน,concert
491,4,2023-08-05,ตลาดสดเช้า,market
492,15,2024-06-03,เทศกาลกาแฟ,food_festival
493,3,2023-04-08,เทศกาลอาหาร,food_festival
494,3,2023-03-30,เทศกาลของหวาน,food_festival
495,20,2024-12-23,งาน Tech Conference,convention
496,15,2024-11-06,งานวัดประจำปี,cultural
497,1,2023-10-28,เทศกาลอินดี้,music_festival
498,5,2024-06-29,วิ่งมาราธอน,sports
499,5,2023-07-31,ตลาดนัดชุมชน,market
500,20,2023-11-07,แข่งวิ่ง Fun Run,sports
501,20,2023-11-22,คอนเสิร์ตการกุศล,concert
502,14,2023-05-08,เทศกาลสงกรานต์ท้องถิ่น,cultural
503,10,2024-05-05,เทศกาลอาหาร,food_festival
504,11,2023-08-21,กีฬาสี,sports
505,7,2024-09-15,ฟุตบอลนัดพิเศษ,sports
506,11,2024-07-23,ตลาดนัดกลางคืน,market
507,3,2024-10-13,งาน Tech Conference,convention
508,4,2023-03-24,ตลาดสดเช้า,market
509,6,2023-07-31,ตลาดนัดวินเทจ,market
510,19,2023-02-16,งาน Street Food,food_festival
511,10,2024-05-02,งานวัดประจำปี,cultural
512,12,2024-05-08,งาน Tech Conference,convention
513,11,2023-09-08,ถนนคนเดิน,market
514,8,2024-11-13,ตลาดนัดวินเทจ,market
515,10,2024-03-28,งานดนตรีสด,concert
516,7,2024-09-05,เทศกาลผลไม้,food_festival
517,5,2023-01-18,งานบวช,cultural
518,20,2023-04-28,เทศกาลดนตรี,music_festival
519,11,2024-05-09,ถนนคนเดิน,market
520,2,2023-02-07,เทศกาลกาแฟ,food_festival
521,16,2023-09-18,เทศกาลผลไม้,food_festival
522,14,2024-08-10,ตลาดสดเช้า,market
523,7,2024-12-10,งานดนตรีสด,concert
524,15,2024-05-02,งานหนังสือเก่า,book_fair
525,11,2023-07-07,งาน Startup Expo,convention
526,19,2023-10-17,งาน Busking,concert
527,20,2024-12-26,เทศกาลกาแฟ,food_festival
528,5,2023-05-10,เทศกาลของหวาน,food_festival
529,15,2023-08-13,งานบวช,cultural
530,13,2024-12-22,เทศกาลเบียร์คราฟท์,food_festival
531,18,2023-06-02,เทศกาลเบียร์คราฟท์,food_festival
532,10,2023-01-22,สวดมนต์ข้ามปี,cultural
533,20,2023-04-10,กีฬาสี,sports
534,17,2023-03-23,ตลาดนัดกลางคืน,market
535,17,2024-12-09,เทศกาลกาแฟ,food_festival
536,6,2023-08-09,เทศกาลอาหาร,food_festival
537,16,2023-06-02,งาน Auto Expo,convention
538,9,2023-08-08,ตลาดสดเช้า,market
539,18,2024-05-21,งานโยคะในสวน,sports
540,19,2023-06-01,คอนเสิร์ตในสวน,concert
541,16,2023-08-10,ถนนคนเดิน,market
542,7,2024-12-20,เทศกาลกาแฟ,food_festival
543,13,2024-06-17,ตลาดนัดกลางคืน,market
544,11,2023-04-03,งานโยคะในสวน,sports
545,19,2023-07-18,งานบวช,cultural
546,16,2024-05-11,ตลาดนัดวันหยุด,market
547,14,2023-06-06,สวดมนต์ข้ามปี,cultural
548,2,2024-02-02,เทศกาลอินดี้,music_festival
549,15,2024-05-08,เทศกาลเบียร์คราฟท์,food_festival
550,5,2023-03-11,งาน Startup Expo,convention
551,17,2024-05-31,งานดนตรีสด,concert
552,6,2023-07-05,แข่งจักรยาน,sports
553,7,2023-05-27,วิ่งมาราธอน,sports
554,3,2024-06-12,งาน Auto Expo,convention
555,6,2023-05-15,เทศกาลเบียร์คราฟท์,food_festival
556,17,2023-11-15,มหกรรมหนังสือ,book_fair
557,8,2023-04-21,ตลาดสดเช้า,market
558,10,2023-09-06,เทศกาลแจ๊ส,music_festival
559,18,2023-03-10,คอนเสิร์ตในสวน,concert
560,2,2024-07-06,แข่งจักรยาน,sports
561,6,2024-06-03,เทศกาลดนตรี,music_festival
562,8,2024-10-30,ตลาดนัดชุมชน,market
563,10,2024-12-28,งานดนตรีสด,concert
564,14,2023-09-02,ฟุตบอลนัดพิเศษ,sports
565,2,2024-12-29,เทศกาลของหวาน,food_festival
566,17,2023-02-20,มหกรรมหนังสือ,book_fair
567,16,2023-06-13,เวียนเทียน,cultural
568,2,2023-06-15,งานบวช,cultural
569,17,2024-04-16,งาน Street Food,food_festival
570,3,2023-03-24,ตลาดนัดวันหยุด,market
571,9,2024-12-23,เทศกาลอินดี้,music_festival
572,11,2023-12-14,ตลาดนัดกลางคืน,market
573,6,2023-03-01,เทศกาลลอยกระทง,cultural
574,14,2023-05-22,ตลาดนัดวินเทจ,market
575,2,2023-06-14,งาน Street Food,food_festival
576,19,2023-05-24,เทศกาลแจ๊ส,music_festival
577,7,2024-05-14,สัปดาห์หนังสือ,book_fair
578,7,2024-07-18,กีฬาสี,sports
579,12,2023-09-08,ตลาดนัดวันหยุด,market
580,12,2024-03-07,คอนเสิร์ตการกุศล,concert
581,7,2024-08-10,มิวสิคเฟสติวัล,music_festival
582,15,2023-09-13,งาน Startup Expo,convention
583,16,2023-03-17,คอนเสิร์ตในสวน,concert
584,5,2024-12-06,มิวสิคเฟสติวัล,music_festival
585,11,2024-01-09,เทศกาลกาแฟ,food_festival
586,9,2024-10-05,งานบวช,cultural
587,9,2024-05-26,เทศกาลเบียร์คราฟท์,food_festival
588,2,2024-07-18,งานบวช,cultural
589,15,2023-09-12,เทศกาลดนตรี,music_festival
590,20,2024-07-28,ตลาดนัดวินเทจ,market
591,11,2024-06-14,มหกรรมหนังสือ,book_fair
592,5,2024-08-12,ถนนคนเดิน,market
593,14,2024-07-14,ถนนคนเดิน,market
594,7,2023-12-21,งาน Busking,concert
595,7,2023-04-01,ตลาดนัดชุมชน,market
596,4,2024-07-20,เทศกาลดนตรี,music_festival
597,9,2023-02-02,ตลาดสดเช้า,market
598,20,2023-11-12,ตลาดนัดชุมชน,market
599,5,2023-06-13,สัมมนาธุรกิจ,convention
600,9,2023-11-14,ตลาดนัดวันหยุด,market
601,8,2023-10-08,เทศกาลดนตรี,music_festival
602,19,2023-03-04,ตลาดนัดวินเทจ,market
603,11,2023-08-26,เทศกาลอินดี้,music_festival
604,15,2024-06-18,ถนนคนเดิน,market
605,7,2023-03-19,ตลาดนัดชุมชน,market
606,5,2024-04-10,ตลาดนัดวันหยุด,market
607,17,2023-03-07,งาน Book Fair,book_fair
608,1,2023-05-01,ฟุตบอลนัดพิเศษ,sports
609,15,2023-12-10,เทศกาลกาแฟ,food_festival
610,3,2023-10-30,งาน Busking,concert
611,13,2024-03-26,เทศกาลลอยกระทง,cultural
612,15,2024-06-19,ตลาดนัดกลางคืน,market
613,1,2024-01-01,เทศกาลเบียร์คราฟท์,food_festival
614,15,2024-11-06,งาน Busking,concert
615,5,2023-12-08,เทศกาลอาหาร,food_festival
616,8,2023-12-29,เทศกาลลอยกระทง,cultural
617,15,2023-11-17,นิทรรศการหนังสือ,book_fair
618,6,2024-04-27,เทศกาลผลไม้,food_festival
619,12,2023-05-11,งาน Book Fair,book_fair
620,3,2023-06-21,งานบวช,cultural
621,12,2023-07-15,งานดนตรีกลางแจ้ง,music_festival
622,20,2023-07-21,เทศกาลผลไม้,food_festival
623,4,2023-08-15,เทศกาลดนตรี,music_festival
624,9,2023-08-11,เทศกาลลอยกระทง,cultural
625,12,2023-09-06,เทศกาลลอยกระทง,cultural
626,13,2023-09-26,สวดมนต์ข้ามปี,cultural
627,19,2024-04-30,เทศกาลเบียร์คราฟท์,food_festival
628,13,2024-08-23,ฟุตบอลนัดพิเศษ,sports
629,8,2024-12-21,มิวสิคเฟสติวัล,music_festival
630,3,2023-04-10,งานบวช,cultural
631,1,2023-07-15,ฟุตบอลนัดพิเศษ,sports
632,19,2023-10-11,งานวัดประจำปี,cultural
633,17,2023-11-29,งาน Busking,concert
634,7,2024-08-10,กีฬาสี,sports
635,10,2024-09-15,มิวสิคเฟสติวัล,music_festival
636,12,2024-11-14,มหกรรมหนังสือ,book_fair
637,10,2023-08-18,สัปดาห์หนังสือ,book_fair
638,17,2024-11-24,เทศกาลสงกรานต์ท้องถิ่น,cultural
639,15,2024-06-29,ตลาดสดเช้า,market
640,11,2023-03-04,เทศกาลดนตรี,music_festival
641,12,2023-07-01,งานวันเด็ก,cultural
642,16,2023-08-12,แข่งจักรยาน,sports
643,7,2023-09-07,งาน Book Fair,book_fair
644,12,2024-07-26,เทศกาลลอยกระทง,cultural
645,11,2024-08-12,สวดมนต์ข้ามปี,cultural
646,16,2024-05-08,ตลาดนัดวินเทจ,market
647,7,2024-08-17,ตลาดนัดกลางคืน,market
648,19,2023-12-26,คอนเสิร์ตการกุศล,concert
649,4,2023-12-08,แข่งจักรยาน,sports
650,5,2024-09-06,มิวสิคเฟสติวัล,music_festival
651,1,2023-11-02,งาน Street Food,food_festival
652,7,2023-01-02,นิทรรศการหนังสือ,book_fair
653,9,2024-02-29,คอนเสิร์ตการกุศล,concert
654,9,2023-02-07,ตลาดนัดชุมชน,market
655,10,2023-12-09,ตลาดนัดวันหยุด,market
656,6,2023-08-26,งาน Auto Expo,convention
657,17,2023-02-10,สวดมนต์ข้ามปี,cultural
658,7,2023-12-01,งาน Job Fair,convention
659,7,2024-07-26,ตลาดนัดกลางคืน,market
660,12,2023-02-19,งาน Busking,concert
661,7,2023-02-11,สัปดาห์หนังสือ,book_fair
662,8,2023-07-06,สวดมนต์ข้ามปี,cultural
663,17,2024-09-13,มิวสิคเฟสติวัล,music_festival
664,5,2024-12-26,งานหนังสือเก่า,book_fair
665,19,2023-07-23,เทศกาลอาหาร,food_festival
666,8,2023-07-14,แข่งวิ่ง Fun Run,sports
667,2,2024-09-30,เทศกาลเบียร์คราฟท์,food_festival
668,15,2024-08-01,ตลาดนัดกลางคืน,market
669,20,2023-03-21,เทศกาลลอยกระทง,cultural
670,10,2024-05-09,ตลาดนัดชุมชน,market
671,16,2024-04-02,งานดนตรีกลางแจ้ง,music_festival
672,12,2023-05-17,งานบวช,cultural
673,20,2023-12-02,งานดนตรีกลางแจ้ง,music_festival
674,2,2023-09-06,เทศกาลแจ๊ส,music_festival
675,13,2023-11-14,ฟุตบอลนัดพิเศษ,sports
676,16,2024-08-08,เวียนเทียน,cultural
677,4,2024-09-13,เทศกาลกาแฟ,food_festival
678,9,2023-06-29,งาน Job Fair,convention
679,2,2023-09-27,สัปดาห์หนังสือ,book_fair
680,19,2023-09-05,งาน Busking,concert
681,2,2023-08-06,งาน Busking,concert
682,18,2024-08-23,มิวสิคเฟสติวัล,music_festival
683,12,2024-06-28,เทศกาลอินดี้,music_festival
684,3,2023-04-02,วิ่งมาราธอน,sports
685,20,2023-09-11,ตลาดนัดกลางคืน,market
686,18,2024-12-30,กีฬาสี,sports
687,3,2023-02-03,ตลาดสดเช้า,market
688,20,2023-11-08,ตลาดนัดวินเทจ,market
689,12,2023-12-17,ตลาดสดเช้า,market
690,1,2024-01-10,งานวัดประจำปี,cultural
691,8,2024-07-24,งานวันเด็ก,cultural
692,17,2023-06-25,เทศกาลของหวาน,food_festival
693,17,2023-05-28,มหกรรมหนังสือ,book_fair
694,3,2023-07-10,เทศกาลลอยกระทง,cultural
695,5,2024-06-20,สวดมนต์ข้ามปี,cultural
696,19,2023-09-20,เทศกาลของหวาน,food_festival
697,14,2023-03-01,งาน Auto Expo,convention
698,7,2024-03-16,ตลาดนัดวันหยุด,market
699,2,2023-05-25,งาน Tech Conference,convention
700,17,2024-02-03,ตลาดนัดวินเทจ,market
701,4,2024-07-14,เทศกาลสงกรานต์ท้องถิ่น,cultural
702,19,2023-03-14,งาน Auto Expo,convention
703,16,2023-04-16,คอนเสิร์ตนักศึกษา,concert
704,4,2023-07-14,ตลาดนัดวินเทจ,market
705,4,2024-04-01,แข่งวิ่ง Fun Run,sports
706,10,2023-09-04,ถนนคนเดิน,market
707,9,2023-10-11,ฟุตบอลนัดพิเศษ,sports
708,13,2023-01-25,งาน Startup Expo,convention
709,3,2023-06-11,คอนเสิร์ตการกุศล,concert
710,19,2024-02-04,ถนนคนเดิน,market
711,13,2024-09-06,ฟุตบอลนัดพิเศษ,sports
712,17,2023-04-19,งานบวช,cultural
713,8,2024-10-18,ตลาดนัดชุมชน,market
714,17,2024-05-08,แข่งวิ่ง Fun Run,sports
715,15,2023-05-20,วิ่งมาราธอน,sports
716,13,2024-06-29,แข่งจักรยาน,sports
717,1,2024-10-29,งานบวช,cultural
718,1,2023-10-03,เทศกาลเบียร์คราฟท์,food_festival
719,8,2023-03-09,คอนเสิร์ตการกุศล,concert
720,4,2024-04-07,แข่งจักรยาน,sports
721,4,2023-03-22,คอนเสิร์ตการกุศล,concert
722,12,2024-02-24,ตลาดนัดกลางคืน,market
723,8,2023-01-18,ถนนคนเดิน,market
724,2,2024-10-07,งาน Startup Expo,convention
725,16,2024-06-23,ฟุตบอลนัดพิเศษ,sports
726,19,2024-12-07,เทศกาลของหวาน,food_festival
727,3,2023-12-15,งานโยคะในสวน,sports
728,18,2024-06-03,ตลาดนัดวันหยุด,market
729,18,2024-01-08,งานโยคะในสวน,sports
730,2,2023-04-16,เทศกาลผลไม้,food_festival
731,4,2024-10-05,เทศกาลกาแฟ,food_festival
732,9,2023-04-12,สวดมนต์ข้ามปี,cultural
733,15,2024-02-20,สัมมนาธุรกิจ,convention
734,12,2024-09-11,งาน Startup Expo,convention
735,20,2023-04-17,เทศกาลดนตรี,music_festival
736,5,2024-01-14,ตลาดสดเช้า,market
737,8,2023-05-17,งานดนตรีกลางแจ้ง,music_festival
738,5,2023-05-01,งานดนตรีกลางแจ้ง,music_festival
739,2,2024-05-29,ตลาดนัดวันหยุด,market
740,16,2024-11-27,ถนนคนเดิน,market
741,1,2023-08-22,นิทรรศการหนังสือ,book_fair
742,8,2023-07-15,เวียนเทียน,cultural
743,18,2024-12-25,เทศกาลเบียร์คราฟท์,food_festival
744,8,2024-03-03,งานบวช,cultural
745,10,2024-09-26,ถนนคนเดิน,market
746,9,2024-05-27,งานวันเด็ก,cultural
747,1,2023-10-20,งานหนังสือเก่า,book_fair
748,14,2024-06-20,งาน Busking,concert
749,20,2024-02-06,คอนเสิร์ตในสวน,concert
750,18,2024-04-13,เทศกาลอินดี้,music_festival
751,5,2023-01-20,งาน Busking,concert
752,10,2024-03-14,งาน Startup Expo,convention
753,14,2024-03-09,มิวสิคเฟสติวัล,music_festival
754,15,2024-03-11,เทศกาลของหวาน,food_festival
755,17,2023-07-20,งาน Book Fair,book_fair
756,1,2024-11-01,งาน Startup Expo,convention
757,11,2023-07-18,งานโยคะในสวน,sports
758,1,2024-06-12,เทศกาลของหวาน,food_festival
759,9,2024-05-21,ตลาดนัดวินเทจ,market
760,20,2023-01-26,เทศกาลแจ๊ส,music_festival
761,18,2024-01-30,งานดนตรีสด,concert
762,5,2023-06-18,นิทรรศการศิลปะ,convention
763,11,2023-03-11,แข่งจักรยาน,sports
764,11,2023-07-11,ถนนคนเดิน,market
765,9,2024-12-10,ตลาดสดเช้า,market
766,15,2023-09-19,งาน Tech Conference,convention
767,19,2023-03-28,สวดมนต์ข้ามปี,cultural
768,6,2024-01-19,งานหนังสือเก่า,book_fair
769,2,2023-07-26,กีฬาสี,sports
770,2,2024-06-16,เทศกาลลอยกระทง,cultural
771,15,2023-08-19,เทศกาลอาหาร,food_festival
772,20,2024-06-27,ถนนคนเดิน,market
773,4,2024-06-18,แข่งวิ่ง Fun Run,sports
774,10,2023-02-15,เทศกาลสงกรานต์ท้องถิ่น,cultural
775,20,2023-02-07,เทศกาลลอยกระทง,cultural
776,11,2024-09-18,เทศกาลเบียร์คราฟท์,food_festival
777,15,2024-01-04,คอนเสิร์ตนักศึกษา,concert
778,8,2023-09-04,เทศกาลอินดี้,music_festival
779,9,2024-05-05,ตลาดนัดวันหยุด,market
780,13,2023-11-30,วิ่งมาราธอน,sports
781,2,2024-08-17,ตลาดนัดวินเทจ,market
782,12,2024-04-05,เทศกาลผลไม้,food_festival
783,20,2023-06-30,มิวสิคเฟสติวัล,music_festival
784,19,2024-04-03,เทศกาลของหวาน,food_festival
785,17,2024-08-12,แข่งจักรยาน,sports
786,17,2023-01-04,คอนเสิร์ตในสวน,concert
787,7,2023-12-05,เทศกาลผลไม้,food_festival
788,14,2023-07-03,ตลาดนัดวันหยุด,market
789,5,2024-03-24,เทศกาลของหวาน,food_festival
790,19,2023-12-11,งาน Tech Conference,convention
791,20,2024-10-29,ตลาดนัดกลางคืน,market
792,18,2024-09-24,งาน Street Food,food_festival
793,20,2024-08-23,งาน Busking,concert
794,13,2024-02-28,ตลาดสดเช้า,market
795,19,2024-12-27,ตลาดสดเช้า,market
796,17,2023-06-03,แข่งจักรยาน,sports
797,6,2024-02-04,วิ่งมาราธอน,sports
798,2,2024-10-17,งาน Street Food,food_festival
799,7,2023-07-17,สัปดาห์หนังสือ,book_fair
800,14,2024-06-09,ถนนคนเดิน,market
801,20,2024-08-28,มิวสิคเฟสติวัล,music_festival
802,3,2023-08-09,เวียนเทียน,cultural
803,17,2024-11-28,งาน Job Fair,convention
804,16,2023-08-28,แข่งจักรยาน,sports
805,7,2023-03-14,คอนเสิร์ตนักศึกษา,concert
806,16,2023-10-25,งานวัดประจำปี,cultural
807,4,2024-08-26,วิ่งมาราธอน,sports
808,15,2024-12-18,ตลาดสดเช้า,market
809,2,2024-11-19,เทศกาลลอยกระทง,cultural
810,7,2023-09-09,คอนเสิร์ตการกุศล,concert
811,18,2023-07-07,ถนนคนเดิน,market
812,8,2023-04-19,เทศกาลอินดี้,music_festival
813,16,2023-09-27,ถนนคนเดิน,market
814,17,2023-10-05,ถนนคนเดิน,market
815,10,2023-11-20,เทศกาลลอยกระทง,cultural
816,5,2023-10-12,ตลาดสดเช้า,market
817,11,2024-06-10,งานโยคะในสวน,sports
818,8,2024-08-21,งาน Startup Expo,convention
819,12,2024-03-30,เวียนเทียน,cultural
820,18,2024-02-20,วิ่งมาราธอน,sports
821,16,2024-07-16,เทศกาลดนตรี,music_festival
822,11,2023-07-29,เทศกาลของหวาน,food_festival
823,17,2023-08-08,งาน Job Fair,convention
824,20,2023-02-17,เทศกาลลอยกระทง,cultural
825,6,2023-01-30,สัปดาห์หนังสือ,book_fair
826,16,2024-10-12,แข่งวิ่ง Fun Run,sports
827,11,2023-02-12,ถนนคนเดิน,market
828,19,2024-12-22,วิ่งมาราธอน,sports
829,10,2024-01-15,ตลาดนัดกลางคืน,market
830,10,2023-03-23,กีฬาสี,sports
831,19,2023-02-11,กีฬาสี,sports
832,17,2023-11-26,งานดนตรีกลางแจ้ง,music_festival
833,13,2023-04-20,กีฬาสี,sports
834,4,2024-05-16,แข่งวิ่ง Fun Run,sports
835,17,2023-03-17,งานดนตรีกลางแจ้ง,music_festival
836,4,2023-04-30,เทศกาลแจ๊ส,music_festival
837,19,2023-12-02,งานบวช,cultural
838,8,2024-06-28,เทศกาลลอยกระทง,cultural
839,8,2023-01-11,กีฬาสี,sports
840,5,2024-09-24,เวียนเทียน,cultural
841,15,2024-08-29,งานบวช,cultural
842,14,2023-03-11,งาน Auto Expo,convention
843,15,2024-04-16,งาน Street Food,food_festival
844,9,2023-10-10,เทศกาลอินดี้,music_festival
845,19,2023-10-07,เทศกาลเบียร์คราฟท์,food_festival
846,3,2023-03-04,ถนนคนเดิน,market
847,9,2024-08-10,ตลาดนัดกลางคืน,market
848,10,2023-03-01,กีฬาสี,sports
849,1,2023-08-17,เทศกาลเบียร์คราฟท์,food_festival
850,18,2024-01-07,เวียนเทียน,cultural
851,10,2023-08-20,เทศกาลอินดี้,music_festival
852,14,2023-07-13,วิ่งมาราธอน,sports
853,20,2024-03-20,งาน Auto Expo,convention
854,9,2024-09-09,งานดนตรีกลางแจ้ง,music_festival
855,12,2024-08-23,เทศกาลอาหาร,food_festival
856,20,2023-06-12,เทศกาลของหวาน,food_festival
857,9,2023-05-13,ตลาดสดเช้า,market
858,15,2024-01-06,งานโยคะในสวน,sports
859,3,2024-01-22,ตลาดสดเช้า,market
860,19,2023-11-09,กีฬาสี,sports
861,11,2023-10-22,ตลาดนัดชุมชน,market
862,14,2023-07-23,เทศกาลของหวาน,food_festival
863,17,2023-05-16,ตลาดนัดกลางคืน,market
864,15,2024-08-05,ฟุตบอลนัดพิเศษ,sports
865,6,2023-05-04,เทศกาลสงกรานต์ท้องถิ่น,cultural
866,10,2024-01-09,ตลาดนัดวินเทจ,market
867,9,2024-01-07,ตลาดนัดวันหยุด,market
868,11,2024-12-16,สัมมนาธุรกิจ,convention
869,14,2024-06-25,เทศกาลอินดี้,music_festival
870,10,2023-04-04,มิวสิคเฟสติวัล,music_festival
871,15,2023-04-20,สัมมนาธุรกิจ,convention
872,18,2023-01-15,ตลาดนัดกลางคืน,market
873,9,2023-07-03,สัปดาห์หนังสือ,book_fair
874,9,2024-11-26,งานวันเด็ก,cultural
875,10,2024-06-04,งาน Startup Expo,convention
876,5,2023-03-18,สวดมนต์ข้ามปี,cultural
877,14,2024-07-29,งานหนังสือเก่า,book_fair
878,13,2023-06-29,นิทรรศการหนังสือ,book_fair
879,9,2024-08-30,งานวันเด็ก,cultural
880,20,2023-08-23,เทศกาลกาแฟ,food_festival
881,5,2024-05-19,นิทรรศการศิลปะ,convention
882,18,2024-12-20,งานบวช,cultural
883,6,2023-11-29,เทศกาลอาหาร,food_festival
884,1,2023-08-21,มิวสิคเฟสติวัล,music_festival
885,11,2024-07-19,งาน Street Food,food_festival
886,14,2023-08-04,ตลาดสดเช้า,market
887,4,2024-04-01,นิทรรศการศิลปะ,convention
888,20,2023-12-10,เวียนเทียน,cultural
889,19,2024-02-26,สัปดาห์หนังสือ,book_fair
890,13,2023-07-01,งาน Busking,concert
891,4,2023-11-29,เทศกาลสงกรานต์ท้องถิ่น,cultural
892,1,2024-02-13,งานโยคะในสวน,sports
893,18,2023-01-16,ตลาดนัดวันหยุด,market
894,11,2023-10-16,คอนเสิร์ตนักศึกษา,concert
895,14,2024-03-27,เทศกาลกาแฟ,food_festival
896,6,2024-01-23,งานโยคะในสวน,sports
897,2,2024-08-20,คอนเสิร์ตในสวน,concert
898,19,2024-08-15,ฟุตบอลนัดพิเศษ,sports
899,7,2024-09-01,ตลาดสดเช้า,market
900,3,2024-02-21,งาน Startup Expo,convention
901,9,2024-06-01,งานวัดประจำปี,cultural
902,19,2023-05-07,ตลาดนัดชุมชน,market
903,8,2024-05-04,มหกรรมหนังสือ,book_fair
904,20,2024-01-10,เทศกาลผลไม้,food_festival
905,10,2024-02-13,เทศกาลดนตรี,music_festival
906,14,2023-10-12,เทศกาลกาแฟ,food_festival
907,14,2024-06-26,เทศกาลของหวาน,food_festival
908,6,2024-05-06,สวดมนต์ข้ามปี,cultural
909,6,2024-11-17,คอนเสิร์ตการกุศล,concert
910,14,2024-02-18,เทศกาลสงกรานต์ท้องถิ่น,cultural
911,12,2024-03-19,ตลาดนัดวินเทจ,market
912,16,2024-08-10,เทศกาลดนตรี,music_festival
913,1,2023-11-09,เทศกาลอาหาร,food_festival
914,7,2023-08-01,ตลาดนัดชุมชน,market
915,13,2023-12-04,ฟุตบอลนัดพิเศษ,sports
916,3,2024-01-27,เทศกาลสงกรานต์ท้องถิ่น,cultural
917,15,2023-11-27,งาน Book Fair,book_fair
918,4,2024-09-22,แข่งวิ่ง Fun Run,sports
919,3,2023-10-28,เทศกาลอาหาร,food_festival
920,12,2024-11-15,ตลาดนัดวันหยุด,market
921,10,2023-12-01,เทศกาลผลไม้,food_festival
922,10,2024-09-18,มหกรรมหนังสือ,book_fair
923,20,2024-04-10,คอนเสิร์ตการกุศล,concert
924,11,2024-10-18,คอนเสิร์ตนักศึกษา,concert
925,20,2023-06-11,ตลาดนัดวันหยุด,market
926,17,2023-04-20,งานวัดประจำปี,cultural
927,2,2024-07-08,นิทรรศการศิลปะ,convention
928,16,2024-05-20,สัปดาห์หนังสือ,book_fair
929,9,2024-08-27,เทศกาลอาหาร,food_festival
930,12,2024-11-30,ตลาดนัดวินเทจ,market
931,5,2024-03-10,ตลาดนัดวินเทจ,market
932,8,2023-01-08,เทศกาลสงกรานต์ท้องถิ่น,cultural
933,16,2023-02-01,เทศกาลสงกรานต์ท้องถิ่น,cultural
934,13,2024-06-04,ตลาดนัดวินเทจ,market
935,10,2023-08-14,คอนเสิร์ตนักศึกษา,concert
936,8,2024-03-04,สัมมนาธุรกิจ,convention
937,5,2024-10-28,ตลาดสดเช้า,market
938,9,2024-08-15,เทศกาลอินดี้,music_festival
939,3,2023-12-01,สัปดาห์หนังสือ,book_fair
940,8,2023-12-08,กีฬาสี,sports
941,11,2024-06-09,สวดมนต์ข้ามปี,cultural
942,20,2023-09-09,เทศกาลแจ๊ส,music_festival
943,18,2023-06-26,เทศกาลกาแฟ,food_festival
944,15,2023-04-26,งานวันเด็ก,cultural
945,19,2023-03-02,ตลาดนัดชุมชน,market
946,19,2023-01-20,กีฬาสี,sports
947,10,2023-06-10,เทศกาลกาแฟ,food_festival
948,5,2023-07-08,งานดนตรีกลางแจ้ง,music_festival
949,20,2024-02-25,เทศกาลสงกรานต์ท้องถิ่น,cultural
950,13,2024-02-22,ตลาดนัดกลางคืน,market
951,12,2023-12-16,นิทรรศการหนังสือ,book_fair
952,14,2023-08-10,ถนนคนเดิน,market
953,10,2024-06-12,วิ่งมาราธอน,sports
954,12,2024-11-02,คอนเสิร์ตในสวน,concert
955,16,2024-09-12,ตลาดสดเช้า,market
956,17,2023-04-20,สัปดาห์หนังสือ,book_fair
957,9,2024-05-15,ตลาดนัดชุมชน,market
958,12,2023-09-22,ถนนคนเดิน,market
959,5,2024-08-14,คอนเสิร์ตนักศึกษา,concert
960,11,2024-09-14,เทศกาลสงกรานต์ท้องถิ่น,cultural
961,12,2023-03-10,งาน Startup Expo,convention
962,17,2023-01-14,งานหนังสือเก่า,book_fair
963,17,2023-02-26,กีฬาสี,sports
964,13,2023-05-07,ตลาดนัดกลางคืน,market
965,7,2024-12-18,ตลาดนัดวินเทจ,market
966,14,2024-11-24,งาน Street Food,food_festival
967,9,2024-06-28,ตลาดนัดกลางคืน,market
968,5,2024-02-03,เทศกาลอาหาร,food_festival
969,9,2023-04-18,ตลาดนัดวันหยุด,market
970,16,2023-07-14,คอนเสิร์ตนักศึกษา,concert
971,13,2023-10-27,สัปดาห์หนังสือ,book_fair
972,13,2023-04-19,สัปดาห์หนังสือ,book_fair
973,11,2023-08-26,ถนนคนเดิน,market
974,3,2024-06-25,คอนเสิร์ตการกุศล,concert
975,4,2023-06-16,สัปดาห์หนังสือ,book_fair
976,10,2023-11-01,คอนเสิร์ตนักศึกษา,concert
977,1,2024-11-12,สัปดาห์หนังสือ,book_fair
978,18,2023-05-26,ตลาดนัดชุมชน,market
979,4,2023-02-21,แข่งวิ่ง Fun Run,sports
980,9,2024-01-23,เทศกาลผลไม้,food_festival
981,8,2024-12-24,เทศกาลดนตรี,music_festival
982,5,2023-04-26,งานวันเด็ก,cultural
983,15,2024-11-09,นิทรรศการหนังสือ,book_fair
984,17,2023-01-02,นิทรรศการหนังสือ,book_fair
985,10,2024-06-26,งานบวช,cultural
986,3,2023-09-19,เทศกาลอาหาร,food_festival
987,7,2024-06-24,เทศกาลอินดี้,music_festival
988,1,2023-09-14,เทศกาลลอยกระทง,cultural
989,3,2023-08-23,เทศกาลกาแฟ,food_festival
990,17,2024-02-28,ตลาดนัดวินเทจ,market
991,1,2023-08-29,สัมมนาธุรกิจ,convention
992,9,2024-11-20,สัปดาห์หนังสือ,book_fair
993,12,2024-06-16,เทศกาลสงกรานต์ท้องถิ่น,cultural
994,2,2023-05-22,เทศกาลลอยกระทง,cultural
995,19,2023-10-05,งานโยคะในสวน,sports
996,11,2023-04-11,เทศกาลเบียร์คราฟท์,food_festival
997,9,2024-09-16,เทศกาลกาแฟ,food_festival
998,8,2024-05-18,ฟุตบอลนัดพิเศษ,sports
999,7,2024-03-07,ตลาดสดเช้า,market
1000,19,2024-05-26,สัปดาห์หนังสือ,book_fair
1001,18,2023-03-04,เทศกาลเบียร์คราฟท์,food_festival
1002,15,2024-09-30,นิทรรศการศิลปะ,convention
1003,16,2023-03-02,คอนเสิร์ตในสวน,concert
1004,17,2023-03-03,ตลาดนัดวันหยุด,market
1005,11,2023-09-21,วิ่งมาราธอน,sports
1006,6,2024-07-19,เทศกาลอาหาร,food_festival
1007,15,2024-02-01,นิทรรศการศิลปะ,convention
1008,9,2024-12-21,เทศกาลอินดี้,music_festival
1009,2,2023-07-23,งานหนังสือเก่า,book_fair
1010,18,2023-03-12,นิทรรศการศิลปะ,convention
1011,12,2024-01-17,งานบวช,cultural
1012,14,2023-06-24,มิวสิคเฟสติวัล,music_festival
1013,14,2023-08-11,ตลาดนัดวินเทจ,market
1014,19,2024-06-12,มิวสิคเฟสติวัล,music_festival
1015,4,2024-10-17,งานหนังสือเก่า,book_fair
1016,8,2024-06-26,นิทรรศการศิลปะ,convention
1017,15,2023-06-09,งานดนตรีกลางแจ้ง,music_festival
1018,15,2024-09-08,ตลาดนัดวินเทจ,market
1019,19,2024-04-15,งาน Busking,concert
1020,17,2024-02-21,มหกรรมหนังสือ,book_fair
1021,1,2023-05-15,งานดนตรีกลางแจ้ง,music_festival
1022,3,2024-04-12,งาน Busking,concert
1023,5,2024-07-14,เทศกาลอาหาร,food_festival
1024,18,2024-11-18,คอนเสิร์ตการกุศล,concert
1025,10,2024-02-12,นิทรรศการหนังสือ,book_fair
1026,12,2024-06-19,งาน Job Fair,convention
1027,10,2024-01-09,งานหนังสือเก่า,book_fair
1028,19,2023-07-28,งานดนตรีสด,concert
1029,18,2024-02-13,ตลาดสดเช้า,market
1030,10,2023-01-19,คอนเสิร์ตนักศึกษา,concert
1031,5,2024-10-02,วิ่งมาราธอน,sports
1032,6,2024-03-01,เทศกาลของหวาน,food_festival
1033,4,2023-11-12,งาน Job Fair,convention
1034,1,2023-12-16,งานบวช,cultural
1035,2,2023-04-02,ตลาดสดเช้า,market
1036,4,2023-05-14,เทศกาลกาแฟ,food_festival
1037,14,2023-06-06,สวดมนต์ข้ามปี,cultural
1038,4,2024-08-03,เทศกาลดนตรี,music_festival
1039,13,2023-02-01,งาน Busking,concert
1040,20,2023-11-10,งานวันเด็ก,cultural
1041,10,2023-11-05,นิทรรศการศิลปะ,convention
1042,17,2024-07-29,แข่งวิ่ง Fun Run,sports
1043,1,2024-07-25,เทศกาลกาแฟ,food_festival
1044,8,2023-03-26,คอนเสิร์ตในสวน,concert
1045,18,2023-12-28,งานโยคะในสวน,sports
1046,3,2023-10-27,เวียนเทียน,cultural
1047,20,2023-01-27,ตลาดนัดกลางคืน,market
1048,1,2023-02-09,นิทรรศการศิลปะ,convention
1049,16,2024-05-20,คอนเสิร์ตในสวน,concert
1050,20,2023-05-06,ตลาดนัดวันหยุด,market
1051,12,2024-04-23,กีฬาสี,sports
1052,16,2023-08-24,กีฬาสี,sports
1053,19,2023-10-18,เทศกาลของหวาน,food_festival
1054,11,2024-12-05,งาน Street Food,food_festival
1055,3,2024-12-28,เวียนเทียน,cultural
1056,2,2024-04-29,งานบวช,cultural
1057,11,2023-10-14,นิทรรศการหนังสือ,book_fair
1058,9,2024-08-24,สวดมนต์ข้ามปี,cultural
1059,7,2024-10-10,เทศกาลแจ๊ส,music_festival
1060,11,2024-09-16,เทศกาลผลไม้,food_festival
1061,4,2024-07-17,งานดนตรีกลางแจ้ง,music_festival
1062,3,2023-12-01,ตลาดนัดชุมชน,market
1063,20,2024-12-16,สวดมนต์ข้ามปี,cultural
1064,16,2023-05-08,วิ่งมาราธอน,sports
1065,19,2024-03-06,ถนนคนเดิน,market
1066,7,2024-10-07,เทศกาลแจ๊ส,music_festival
1067,6,2024-08-30,งาน Busking,concert
1068,3,2024-04-27,ตลาดนัดวินเทจ,market
1069,5,2024-05-24,สัมมนาธุรกิจ,convention
1070,9,2023-02-24,งาน Busking,concert
1071,18,2024-03-06,นิทรรศการหนังสือ,book_fair
1072,3,2023-05-29,เทศกาลกาแฟ,food_festival
1073,19,2023-12-15,เทศกาลดนตรี,music_festival
1074,1,2023-07-13,เทศกาลกาแฟ,food_festival
1075,20,2023-02-15,เทศกาลกาแฟ,food_festival
1076,8,2024-04-12,สวดมนต์ข้ามปี,cultural
1077,6,2023-02-25,สวดมนต์ข้ามปี,cultural
1078,14,2024-11-17,งานโยคะในสวน,sports
1079,3,2024-10-12,งานวันเด็ก,cultural
1080,3,2023-03-13,ตลาดนัดวันหยุด,market
1081,4,2023-11-30,กีฬาสี,sports
1082,15,2023-06-25,งานหนังสือเก่า,book_fair
1083,5,2024-08-09,งาน Auto Expo,convention
1084,1,2023-11-05,งานวัดประจำปี,cultural
1085,3,2023-07-30,งาน Tech Conference,convention
1086,6,2024-03-05,งาน Street Food,food_festival
1087,20,2024-03-18,ตลาดนัดวินเทจ,market
1088,19,2023-05-01,เทศกาลเบียร์คราฟท์,food_festival
1089,20,2023-12-03,แข่งจักรยาน,sports
1090,6,2023-06-18,สวดมนต์ข้ามปี,cultural
1091,4,2024-05-03,ตลาดสดเช้า,market
1092,16,2024-03-15,กีฬาสี,sports
1093,12,2024-04-25,ตลาดนัดกลางคืน,market
1094,4,2023-03-09,นิทรรศการหนังสือ,book_fair
1095,15,2024-07-25,วิ่งมาราธอน,sports
1096,8,2023-11-16,ตลาดนัดกลางคืน,market
1097,17,2024-02-28,งานดนตรีสด,concert
1098,17,2024-04-14,งานวันเด็ก,cultural
1099,15,2024-04-05,ตลาดนัดกลางคืน,market
1100,1,2023-11-22,ตลาดนัดชุมชน,market
1101,8,2023-04-04,เทศกาลอินดี้,music_festival
1102,17,2024-05-30,เทศกาลอินดี้,music_festival
1103,1,2024-04-13,ตลาดนัดกลางคืน,market
1104,12,2023-08-07,งานวัดประจำปี,cultural
1105,13,2024-10-27,ตลาดนัดกลางคืน,market
1106,3,2024-12-10,ตลาดนัดวินเทจ,market
1107,6,2023-07-23,เทศกาลของหวาน,food_festival
1108,17,2023-06-15,คอนเสิร์ตการกุศล,concert
1109,8,2023-03-29,ตลาดสดเช้า,market
1110,4,2024-10-05,เทศกาลกาแฟ,food_festival
1111,1,2024-10-28,กีฬาสี,sports
1112,17,2024-10-23,ตลาดนัดกลางคืน,market
1113,7,2024-07-11,เทศกาลแจ๊ส,music_festival
1114,7,2023-08-17,สัปดาห์หนังสือ,book_fair
1115,15,2023-10-11,สัมมนาธุรกิจ,convention
1116,20,2024-02-08,งานวันเด็ก,cultural
1117,14,2024-11-23,งาน Book Fair,book_fair
1118,18,2023-08-11,งาน Startup Expo,convention
1119,14,2023-06-27,สัมมนาธุรกิจ,convention
1120,3,2023-04-28,เทศกาลของหวาน,food_festival
1121,13,2024-02-13,ตลาดนัดวินเทจ,market
1122,20,2024-10-19,ตลาดนัดวันหยุด,market
1123,15,2023-06-18,งาน Job Fair,convention
1124,10,2024-11-06,งาน Startup Expo,convention
1125,1,2023-05-12,งาน Street Food,food_festival
1126,20,2024-06-28,กีฬาสี,sports
1127,2,2023-01-15,เทศกาลกาแฟ,food_festival
1128,11,2024-02-03,เทศกาลลอยกระทง,cultural
1129,6,2023-07-27,เวียนเทียน,cultural
1130,14,2023-08-18,งาน Auto Expo,convention
1131,20,2024-01-25,เทศกาลอาหาร,food_festival
1132,13,2023-09-28,ตลาดนัดวันหยุด,market
1133,16,2023-06-28,เทศกาลสงกรานต์ท้องถิ่น,cultural
1134,4,2023-11-02,ตลาดนัดกลางคืน,market
1135,5,2023-12-17,แข่งวิ่ง Fun Run,sports
1136,17,2023-07-07,เทศกาลดนตรี,music_festival
1137,12,2024-12-09,เทศกาลสงกรานต์ท้องถิ่น,cultural
1138,3,2023-02-06,ตลาดนัดวินเทจ,market
1139,9,2024-05-04,งานหนังสือเก่า,book_fair
1140,11,2024-10-31,เทศกาลเบียร์คราฟท์,food_festival
1141,18,2024-03-01,ถนนคนเดิน,market
1142,10,2023-02-27,เทศกาลกาแฟ,food_festival
1143,20,2024-09-29,เทศกาลเบียร์คราฟท์,food_festival
1144,14,2023-03-23,งานหนังสือเก่า,book_fair
1145,14,2023-10-30,คอนเสิร์ตนักศึกษา,concert
1146,4,2023-03-17,งาน Street Food,food_festival
1147,9,2024-04-06,เทศกาลกาแฟ,food_festival
1148,5,2024-10-19,สัปดาห์หนังสือ,book_fair
1149,1,2024-08-10,วิ่งมาราธอน,sports
1150,4,2024-05-15,เทศกาลเบียร์คราฟท์,food_festival
1151,11,2023-08-19,งาน Book Fair,book_fair
1152,9,2023-03-11,เทศกาลเบียร์คราฟท์,food_festival
1153,17,2024-07-31,มิวสิคเฟสติวัล,music_festival
1154,3,2024-05-07,ตลาดสดเช้า,market
1155,10,2024-05-29,ตลาดนัดวินเทจ,market
1156,17,2024-10-26,มิวสิคเฟสติวัล,music_festival
1157,10,2023-01-09,คอนเสิร์ตในสวน,concert
1158,9,2024-12-30,แข่งจักรยาน,sports
1159,19,2023-05-18,งานบวช,cultural
1160,2,2024-05-06,คอนเสิร์ตนักศึกษา,concert
1161,19,2024-10-05,งานบวช,cultural
1162,14,2023-07-28,ตลาดนัดวินเทจ,market
1163,13,2024-04-15,งาน Startup Expo,convention
1164,7,2024-09-17,เทศกาลเบียร์คราฟท์,food_festival
1165,19,2024-06-21,ฟุตบอลนัดพิเศษ,sports
1166,7,2023-06-06,เทศกาลสงกรานต์ท้องถิ่น,cultural
1167,9,2024-11-19,งานโยคะในสวน,sports
1168,7,2023-07-30,สัปดาห์หนังสือ,book_fair
1169,13,2024-02-26,งาน Job Fair,convention
1170,15,2023-12-07,สัปดาห์หนังสือ,book_fair
1171,4,2023-10-20,ตลาดนัดกลางคืน,market
1172,18,2023-12-28,สัปดาห์หนังสือ,book_fair
1173,14,2024-03-28,เทศกาลของหวาน,food_festival
1174,14,2024-01-08,เทศกาลของหวาน,food_festival
1175,18,2023-06-11,งาน Tech Conference,convention
1176,5,2023-10-28,เวียนเทียน,cultural
1177,4,2023-10-26,เทศกาลอาหาร,food_festival
1178,6,2024-04-01,กีฬาสี,sports
1179,11,2024-03-09,กีฬาสี,sports
1180,9,2023-11-04,ตลาดสดเช้า,market
1181,16,2023-09-07,งานดนตรีสด,concert
1182,12,2023-11-08,ตลาดนัดชุมชน,market
1183,15,2023-05-29,งานดนตรีกลางแจ้ง,music_festival
1184,18,2024-11-13,เทศกาลลอยกระทง,cultural
1185,15,2023-07-27,งาน Street Food,food_festival
1186,9,2023-09-21,งานดนตรีกลางแจ้ง,music_festival
1187,12,2024-09-02,นิทรรศการศิลปะ,convention
1188,10,2024-10-16,กีฬาสี,sports
1189,8,2024-02-19,คอนเสิร์ตการกุศล,concert
1190,4,2023-01-21,วิ่งมาราธอน,sports
1191,15,2023-12-13,กีฬาสี,sports
1192,12,2024-04-25,เทศกาลลอยกระทง,cultural
1193,11,2024-07-02,เทศกาลแจ๊ส,music_festival
1194,19,2023-12-12,ฟุตบอลนัดพิเศษ,sports
1195,20,2023-03-22,เทศกาลสงกรานต์ท้องถิ่น,cultural
1196,2,2023-10-26,นิทรรศการศิลปะ,convention
1197,11,2023-04-12,มิวสิคเฟสติวัล,music_festival
1198,10,2023-10-02,งานหนังสือเก่า,book_fair
1199,15,2024-07-10,ตลาดนัดวินเทจ,market
1200,14,2024-07-09,มิวสิคเฟสติวัล,music_festival
1201,11,2024-01-12,เทศกาลสงกรานต์ท้องถิ่น,cultural
1202,15,2024-01-06,งาน Auto Expo,convention
1203,7,2023-08-30,ตลาดนัดชุมชน,market
1204,18,2024-05-15,เทศกาลกาแฟ,food_festival
1205,2,2024-07-05,วิ่งมาราธอน,sports
1206,9,2023-12-12,เทศกาลดนตรี,music_festival
1207,3,2024-06-15,วิ่งมาราธอน,sports
1208,14,2024-04-05,งาน Busking,concert
1209,6,2024-09-07,เทศกาลกาแฟ,food_festival
1210,10,2023-09-21,เทศกาลลอยกระทง,cultural
1211,14,2024-09-13,งาน Job Fair,convention
1212,5,2023-12-26,แข่งจักรยาน,sports
1213,2,2023-04-23,งานบวช,cultural
1214,1,2024-12-13,งาน Startup Expo,convention
1215,19,2024-12-30,นิทรรศการศิลปะ,convention
1216,6,2024-11-02,งานบวช,cultural
1217,11,2023-07-26,มหกรรมหนังสือ,book_fair
1218,19,2024-03-21,สัมมนาธุรกิจ,convention
1219,3,2023-05-21,ตลาดนัดวินเทจ,market
1220,16,2023-04-09,ฟุตบอลนัดพิเศษ,sports
1221,8,2023-01-27,ตลาดนัดวันหยุด,market
1222,6,2024-10-19,งาน Street Food,food_festival
1223,20,2023-02-05,งาน Auto Expo,convention
1224,5,2023-10-11,มิวสิคเฟสติวัล,music_festival
1225,20,2024-08-19,สวดมนต์ข้ามปี,cultural
1226,18,2024-12-20,มิวสิคเฟสติวัล,music_festival
1227,19,2023-03-17,นิทรรศการศิลปะ,convention
1228,4,2024-11-24,งาน Street Food,food_festival
1229,8,2023-04-17,คอนเสิร์ตในสวน,concert
1230,5,2024-07-19,มิวสิคเฟสติวัล,music_festival
1231,8,2024-02-10,เทศกาลอาหาร,food_festival
1232,14,2024-03-14,เทศกาลลอยกระทง,cultural
1233,1,2024-02-15,ตลาดนัดกลางคืน,market
1234,5,2024-11-21,เทศกาลของหวาน,food_festival
1235,5,2023-08-08,ตลาดนัดกลางคืน,market
1236,20,2024-06-10,งาน Job Fair,convention
1237,15,2023-09-28,งาน Startup Expo,convention
1238,10,2024-04-01,มิวสิคเฟสติวัล,music_festival
1239,6,2023-04-30,คอนเสิร์ตในสวน,concert
1240,17,2024-03-01,งาน Auto Expo,convention
1241,12,2023-01-25,สัปดาห์หนังสือ,book_fair
1242,3,2024-07-06,งานดนตรีกลางแจ้ง,music_festival
1243,18,2023-08-14,สัมมนาธุรกิจ,convention
1244,7,2024-01-24,มหกรรมหนังสือ,book_fair
1245,4,2024-09-13,เทศกาลสงกรานต์ท้องถิ่น,cultural
1246,14,2024-11-16,งาน Book Fair,book_fair
1247,4,2023-05-10,งาน Job Fair,convention
1248,10,2023-03-01,ตลาดนัดวันหยุด,market
1249,18,2023-01-28,เทศกาลดนตรี,music_festival
1250,19,2023-04-21,เทศกาลของหวาน,food_festival
1251,16,2024-03-21,งานหนังสือเก่า,book_fair
1252,3,2023-05-08,งานโยคะในสวน,sports
1253,5,2024-04-21,เวียนเทียน,cultural
1254,16,2024-06-22,เทศกาลแจ๊ส,music_festival
1255,20,2023-07-14,นิทรรศการศิลปะ,convention
1256,2,2024-10-31,งาน Book Fair,book_fair
1257,15,2024-05-30,ตลาดนัดวันหยุด,market
1258,5,2024-09-24,งานดนตรีสด,concert
1259,17,2024-03-13,งานบวช,cultural
1260,17,2023-10-02,กีฬาสี,sports
1261,5,2024-08-16,งาน Tech Conference,convention
1262,17,2023-12-31,ตลาดนัดวินเทจ,market
1263,13,2023-04-14,สัมมนาธุรกิจ,convention
1264,2,2024-01-08,แข่งวิ่ง Fun Run,sports
1265,14,2023-02-27,งาน Job Fair,convention
1266,17,2023-10-27,ตลาดนัดชุมชน,market
1267,16,2024-04-19,ตลาดนัดวินเทจ,market
1268,2,2023-07-31,งานบวช,cultural
1269,15,2024-05-03,งานดนตรีสด,concert
1270,2,2024-11-01,มิวสิคเฟสติวัล,music_festival
1271,14,2023-06-28,ถนนคนเดิน,market
1272,14,2024-11-14,งานบวช,cultural
1273,15,2023-09-21,งาน Street Food,food_festival
1274,18,2024-04-19,ตลาดสดเช้า,market
1275,6,2024-02-17,วิ่งมาราธอน,sports
1276,11,2024-06-28,เทศกาลสงกรานต์ท้องถิ่น,cultural
1277,8,2023-12-12,งาน Street Food,food_festival
1278,20,2023-12-12,คอนเสิร์ตในสวน,concert
1279,4,2023-09-01,วิ่งมาราธอน,sports
1280,13,2024-12-09,สวดมนต์ข้ามปี,cultural
1281,13,2024-09-03,งาน Street Food,food_festival
1282,7,2023-11-10,แข่งวิ่ง Fun Run,sports
1283,1,2024-06-17,งานวัดประจำปี,cultural
1284,17,2024-06-28,คอนเสิร์ตในสวน,concert
1285,17,2023-06-22,งาน Busking,concert
1286,1,2024-07-31,ตลาดนัดวินเทจ,market
1287,4,2023-02-09,ตลาดสดเช้า,market
1288,4,2024-04-27,งานหนังสือเก่า,book_fair
1289,17,2024-06-25,มิวสิคเฟสติวัล,music_festival
1290,10,2024-12-01,เทศกาลสงกรานต์ท้องถิ่น,cultural
1291,7,2023-02-25,งานวันเด็ก,cultural
1292,3,2023-09-05,แข่งจักรยาน,sports
1293,19,2024-01-26,เทศกาลเบียร์คราฟท์,food_festival
1294,15,2024-11-27,งานวัดประจำปี,cultural
1295,2,2023-10-14,เวียนเทียน,cultural
1296,1,2023-03-23,ตลาดนัดวันหยุด,market
1297,18,2024-08-19,ถนนคนเดิน,market
1298,7,2023-05-13,งานหนังสือเก่า,book_fair
1299,5,2023-07-06,เทศกาลสงกรานต์ท้องถิ่น,cultural
1300,5,2024-08-11,งาน Auto Expo,convention
1301,13,2024-08-14,งานดนตรีกลางแจ้ง,music_festival
1302,15,2024-12-22,เทศกาลผลไม้,food_festival
1303,13,2023-11-30,เทศกาลกาแฟ,food_festival
1304,5,2023-07-30,งาน Job Fair,convention
1305,13,2023-06-03,นิทรรศการหนังสือ,book_fair
1306,17,2023-01-09,เทศกาลของหวาน,food_festival
1307,8,2024-03-22,สวดมนต์ข้ามปี,cultural
1308,12,2024-07-20,กีฬาสี,sports
1309,15,2024-10-16,ตลาดนัดกลางคืน,market
1310,4,2023-06-14,งานโยคะในสวน,sports
1311,11,2023-01-14,เทศกาลกาแฟ,food_festival
1312,8,2023-04-01,เทศกาลเบียร์คราฟท์,food_festival
1313,6,2023-04-25,เทศกาลกาแฟ,food_festival
1314,11,2023-04-07,กีฬาสี,sports
1315,16,2023-11-30,งานหนังสือเก่า,book_fair
1316,20,2023-06-18,นิทรรศการหนังสือ,book_fair
1317,4,2023-07-04,ตลาดนัดวินเทจ,market
1318,4,2024-12-31,งานดนตรีกลางแจ้ง,music_festival
1319,15,2023-11-23,ตลาดนัดวันหยุด,market
1320,5,2023-01-19,ตลาดนัดวินเทจ,market
1321,9,2023-03-18,งาน Job Fair,convention
1322,20,2024-04-05,ถนนคนเดิน,market
1323,14,2023-12-24,เทศกาลแจ๊ส,music_festival
1324,9,2024-08-01,เทศกาลแจ๊ส,music_festival
1325,9,2024-10-05,คอนเสิร์ตนักศึกษา,concert
1326,1,2024-01-04,แข่งจักรยาน,sports
1327,12,2024-09-12,เวียนเทียน,cultural
1328,5,2024-08-26,ตลาดนัดวันหยุด,market
1329,9,2023-05-05,คอนเสิร์ตการกุศล,concert
1330,19,2023-05-10,สัปดาห์หนังสือ,book_fair
1331,13,2023-07-08,ตลาดนัดกลางคืน,market
1332,4,2024-05-16,สัปดาห์หนังสือ,book_fair
1333,7,2023-07-07,เทศกาลดนตรี,music_festival
1334,4,2023-10-14,เทศกาลอาหาร,food_festival
1335,4,2023-02-06,เทศกาลแจ๊ส,music_festival
1336,11,2024-08-14,เทศกาลสงกรานต์ท้องถิ่น,cultural
1337,4,2024-07-12,คอนเสิร์ตนักศึกษา,concert
1338,12,2024-10-10,กีฬาสี,sports
1339,18,2024-08-26,งานดนตรีกลางแจ้ง,music_festival
1340,9,2024-12-29,เทศกาลสงกรานต์ท้องถิ่น,cultural
1341,3,2024-06-08,เวียนเทียน,cultural
1342,3,2024-02-05,งาน Startup Expo,convention
1343,4,2024-01-15,สัมมนาธุรกิจ,convention
1344,13,2024-06-05,งาน Job Fair,convention
1345,13,2023-01-30,สัปดาห์หนังสือ,book_fair
1346,9,2023-01-03,งาน Busking,concert
1347,17,2024-02-08,ถนนคนเดิน,market
1348,7,2024-09-09,ตลาดนัดวันหยุด,market
1349,2,2024-07-12,เทศกาลอินดี้,music_festival
1350,11,2023-11-23,งานบวช,cultural
1351,5,2023-09-02,เทศกาลเบียร์คราฟท์,food_festival
1352,2,2023-10-24,งาน Auto Expo,convention
1353,9,2024-09-11,นิทรรศการหนังสือ,book_fair
1354,1,2023-09-30,งานดนตรีสด,concert
1355,11,2024-09-07,ถนนคนเดิน,market
1356,13,2023-09-03,แข่งวิ่ง Fun Run,sports
1357,12,2023-09-03,เทศกาลผลไม้,food_festival
1358,18,2024-12-17,ตลาดนัดวันหยุด,market
1359,11,2023-10-21,เทศกาลอาหาร,food_festival
1360,6,2023-06-26,งานบวช,cultural
1361,7,2024-07-15,ตลาดนัดวินเทจ,market
1362,5,2024-08-31,เทศกาลอินดี้,music_festival
1363,5,2023-12-17,งานโยคะในสวน,sports
1364,5,2024-03-02,งาน Busking,concert
1365,9,2023-10-27,งานวัดประจำปี,cultural
1366,18,2024-04-18,เทศกาลสงกรานต์ท้องถิ่น,cultural
1367,16,2023-03-17,เทศกาลเบียร์คราฟท์,food_festival
1368,1,2023-01-05,งานวัดประจำปี,cultural
1369,17,2024-07-05,งานบวช,cultural
1370,13,2023-05-15,ฟุตบอลนัดพิเศษ,sports
1371,4,2023-10-12,งาน Job Fair,convention
1372,13,2023-03-17,เทศกาลอาหาร,food_festival
1373,7,2023-02-13,งานดนตรีกลางแจ้ง,music_festival
1374,10,2023-04-28,งาน Auto Expo,convention
1375,5,2023-02-15,ฟุตบอลนัดพิเศษ,sports
1376,16,2024-11-18,มิวสิคเฟสติวัล,music_festival
1377,6,2023-03-30,แข่งวิ่ง Fun Run,sports
1378,10,2023-12-18,มหกรรมหนังสือ,book_fair
1379,1,2023-06-13,งาน Auto Expo,convention
1380,16,2024-07-09,สวดมนต์ข้ามปี,cultural
1381,18,2023-11-29,เทศกาลผลไม้,food_festival
1382,18,2023-10-28,เทศกาลเบียร์คราฟท์,food_festival
1383,16,2024-05-24,สัมมนาธุรกิจ,convention
1384,17,2024-03-20,มิวสิคเฟสติวัล,music_festival
1385,13,2024-07-13,เทศกาลอาหาร,food_festival
1386,5,2023-04-15,งานหนังสือเก่า,book_fair
1387,4,2023-11-02,งาน Street Food,food_festival
1388,8,2023-11-07,งาน Busking,concert
1389,17,2023-08-29,คอนเสิร์ตในสวน,concert
1390,9,2023-10-27,คอนเสิร์ตนักศึกษา,concert
1391,18,2024-07-02,ตลาดสดเช้า,market
1392,20,2023-11-01,เทศกาลของหวาน,food_festival
1393,3,2023-05-07,งาน Busking,concert
1394,18,2024-07-11,ตลาดนัดชุมชน,market
1395,15,2024-08-22,มิวสิคเฟสติวัล,music_festival
1396,18,2024-01-19,เทศกาลผลไม้,food_festival
1397,10,2023-09-11,ตลาดนัดวินเทจ,market
1398,7,2023-10-25,เทศกาลแจ๊ส,music_festival
1399,1,2024-12-02,งานดนตรีสด,concert
1400,13,2024-01-18,งาน Job Fair,convention
1401,10,2023-05-07,ตลาดนัดวันหยุด,market
1402,15,2024-03-07,งาน Book Fair,book_fair
1403,16,2024-07-01,งาน Startup Expo,convention
1404,2,2024-02-08,มหกรรมหนังสือ,book_fair
1405,4,2024-08-08,งานวัดประจำปี,cultural
1406,16,2023-04-17,เวียนเทียน,cultural
1407,12,2023-10-07,งานดนตรีกลางแจ้ง,music_festival
1408,19,2024-09-21,ตลาดสดเช้า,market
1409,9,2024-05-11,ตลาดนัดกลางคืน,market
1410,4,2024-06-17,เทศกาลอินดี้,music_festival
1411,13,2023-07-30,นิทรรศการศิลปะ,convention
1412,4,2024-04-24,มิวสิคเฟสติวัล,music_festival
1413,17,2024-09-25,เทศกาลผลไม้,food_festival
1414,13,2024-09-03,สัปดาห์หนังสือ,book_fair
1415,2,2023-05-17,เทศกาลลอยกระทง,cultural
1416,15,2024-09-14,เทศกาลอาหาร,food_festival
1417,3,2024-08-26,เทศกาลลอยกระทง,cultural
1418,12,2023-03-19,งานหนังสือเก่า,book_fair
1419,9,2024-04-04,ถนนคนเดิน,market
1420,13,2023-01-08,ฟุตบอลนัดพิเศษ,sports
1421,18,2024-11-15,เทศกาลเบียร์คราฟท์,food_festival
1422,3,2024-12-30,วิ่งมาราธอน,sports
1423,18,2023-01-23,ตลาดนัดกลางคืน,market
1424,19,2023-12-16,เทศกาลลอยกระทง,cultural
1425,15,2024-02-03,งานวัดประจำปี,cultural
1426,20,2024-07-13,คอนเสิร์ตนักศึกษา,concert
1427,12,2024-10-24,ตลาดนัดชุมชน,market
1428,10,2024-03-29,ตลาดนัดชุมชน,market
1429,12,2023-03-28,งาน Street Food,food_festival
1430,1,2024-08-27,งาน Tech Conference,convention
1431,9,2023-10-18,วิ่งมาราธอน,sports
1432,8,2023-03-01,ตลาดสดเช้า,market
1433,9,2024-06-27,เทศกาลลอยกระทง,cultural
1434,6,2023-03-29,ตลาดนัดวันหยุด,market
1435,16,2024-05-15,คอนเสิร์ตในสวน,concert
1436,7,2024-06-30,เทศกาลผลไม้,food_festival
1437,6,2024-02-04,งานวัดประจำปี,cultural
1438,13,2024-09-20,งาน Busking,concert
1439,4,2023-06-11,คอนเสิร์ตการกุศล,concert
1440,20,2023-03-16,เทศกาลสงกรานต์ท้องถิ่น,cultural
